name,partner_id,vus_campaign_id,lead_source
Tư vấn sau sự kiện IELTS - Nguyễn Hoàng Nam,Nguyễn Hoàng Nam,Hội thảo Luyện thi IELTS 8.0,event
Tư vấn sau sự kiện IELTS - Lê Thị Thu,Lê Thị Thu,Hội thảo Luyện thi IELTS 8.0,event
Tư vấn sau sự kiện IELTS - Phạm Thu Hà,Phạm Thu Hà,Hội thảo Luyện thi IELTS 8.0,event
Tư vấn sau sự kiện IELTS - Trần Văn Hùng,Trần Văn Hùng,Hội thảo Luyện thi IELTS 8.0,event
Tư vấn sau sự kiện IELTS - Đặng Văn Lâm,Đặng Văn Lâm,Hội thảo Luyện thi IELTS 8.0,event
Tư vấn sau sự kiện IELTS - Bùi Tiến Dũng,Bùi Tiến Dũng,Hội thảo Luyện thi IELTS 8.0,event
Tư vấn sau sự kiện IELTS - Quế Ngọc Hải,Quế Ngọc Hải,Hội thảo Luyện thi IELTS 8.0,event
Tư vấn sau sự kiện IELTS - Đỗ Hùng Dũng,Đỗ Hùng Dũng,Hội thảo Luyện thi IELTS 8.0,event
Tư vấn khóa khai giảng - Nguyễn Hoàng Đức,Nguyễn Hoàng Đức,Chiến dịch Thu Khai Trường 2026,direct
Tư vấn khóa khai giảng - Nguyễn Tiến Linh,Nguyễn Tiến Linh,Chiến dịch Thu Khai Trường 2026,referral
Tư vấn khóa khai giảng - Phạm Tuấn Hải,Phạm Tuấn Hải,Chiến dịch Thu Khai Trường 2026,direct
Tư vấn khóa khai giảng - Phan Văn Đức,Phan Văn Đức,Chiến dịch Thu Khai Trường 2026,referral
Tư vấn khóa khai giảng - Trần Minh Vương,Trần Minh Vương,Chiến dịch Thu Khai Trường 2026,direct
Tư vấn khóa khai giảng - Nguyễn Phong Hồng Duy,Nguyễn Phong Hồng Duy,Chiến dịch Thu Khai Trường 2026,referral
Tư vấn khóa khai giảng - Vũ Văn Thanh,Vũ Văn Thanh,Chiến dịch Thu Khai Trường 2026,direct
Tư vấn khóa khai giảng - Đoàn Văn Hậu,Đoàn Văn Hậu,Chiến dịch Thu Khai Trường 2026,referral
Tư vấn khóa khai giảng - Nguyễn Quang Hải,Nguyễn Quang Hải,Chiến dịch Thu Khai Trường 2026,direct
Tư vấn khóa khai giảng - Nguyễn Công Phượng,Nguyễn Công Phượng,Chiến dịch Thu Khai Trường 2026,referral
Tư vấn khóa khai giảng - Lương Xuân Trường,Lương Xuân Trường,Chiến dịch Thu Khai Trường 2026,direct
Tư vấn khóa khai giảng - Phạm Đức Huy,Phạm Đức Huy,Chiến dịch Thu Khai Trường 2026,referral
Tư vấn khóa học Hè - Trần Duy Mạnh,Trần Duy Mạnh,Chiến dịch Tuyển sinh Hè 2026,facebook
Tư vấn khóa học Hè - Nguyễn Đình Trọng,Nguyễn Đình Trọng,Chiến dịch Tuyển sinh Hè 2026,web
Tư vấn khóa học Hè - Võ Văn Hậu,Võ Văn Hậu,Chiến dịch Tuyển sinh Hè 2026,facebook
Tư vấn khóa học Hè - Đỗ Thị Diễm,Đỗ Thị Diễm,Chiến dịch Tuyển sinh Hè 2026,web
Tư vấn khóa học Hè - Phan Văn Huy,Phan Văn Huy,Chiến dịch Tuyển sinh Hè 2026,facebook
Tư vấn khóa học Hè - Hoàng Thanh Lâm,Hoàng Thanh Lâm,Chiến dịch Tuyển sinh Hè 2026,web
Tư vấn khóa học Hè - Dương Minh Quốc,Dương Minh Quốc,Chiến dịch Tuyển sinh Hè 2026,facebook
Tư vấn khóa học Hè - Bùi Thị Hạnh,Bùi Thị Hạnh,Chiến dịch Tuyển sinh Hè 2026,web
Tư vấn khóa học Hè - Ngô Gia Bảo,Ngô Gia Bảo,Chiến dịch Tuyển sinh Hè 2026,facebook
Tư vấn khóa học Hè - Đặng Thu Thảo,Đặng Thu Thảo,Chiến dịch Tuyển sinh Hè 2026,web
Tư vấn khóa học Hè - Vũ Hoàng Nam,Vũ Hoàng Nam,Chiến dịch Tuyển sinh Hè 2026,facebook
Tư vấn khóa học Hè - Phạm Minh Trí,Phạm Minh Trí,Chiến dịch Tuyển sinh Hè 2026,web
Tư vấn khóa học Hè - Trần Thị Mai,Trần Thị Mai,Chiến dịch Tuyển sinh Hè 2026,facebook
Tư vấn khóa học Hè - Lê Hoàng Nam,Lê Hoàng Nam,Chiến dịch Tuyển sinh Hè 2026,web
Tư vấn khóa học Hè - Nguyễn Minh Anh,Nguyễn Minh Anh,Chiến dịch Tuyển sinh Hè 2026,facebook
